decisor,tramo,n,p_media,frecuencia_choque
Jev,0.0-0.1,36,0.0763888888888889,0.0
Jev,0.1-0.2,40,0.1355,0.05
Jev,0.2-0.3,23,0.24434782608695652,0.13043478260869565
Jev,0.3-0.4,7,0.32285714285714284,0.42857142857142855
Jev,0.4-0.5,5,0.46399999999999997,0.8
Jev,0.5-0.6,11,0.5345454545454545,0.9090909090909091
Jev,0.6-0.7,16,0.64,1.0
Jev,0.7-0.8,13,0.7584615384615384,1.0
Jev,0.8-0.9,28,0.845,1.0
Jev,0.9-1.0,21,0.9138095238095238,1.0
Haiku,0.0-0.1,52,0.004807692307692308,0.0
Haiku,0.1-0.2,26,0.1423076923076923,0.0
Haiku,0.2-0.3,0,,
Haiku,0.3-0.4,5,0.30999999999999994,0.0
Haiku,0.4-0.5,0,,
Haiku,0.5-0.6,0,,
Haiku,0.6-0.7,0,,
Haiku,0.7-0.8,8,0.71875,0.5
Haiku,0.8-0.9,45,0.8444444444444444,0.7777777777777778
Haiku,0.9-1.0,64,0.9484374999999999,0.953125
Sonnet,0.0-0.1,65,0.019846153846153847,0.03076923076923077
Sonnet,0.1-0.2,19,0.1236842105263158,0.0
Sonnet,0.2-0.3,8,0.2,0.0
Sonnet,0.3-0.4,5,0.30999999999999994,0.0
Sonnet,0.4-0.5,2,0.4,0.0
Sonnet,0.5-0.6,3,0.5166666666666667,0.0
Sonnet,0.6-0.7,3,0.6,1.0
Sonnet,0.7-0.8,14,0.725,1.0
Sonnet,0.8-0.9,32,0.8453125,1.0
Sonnet,0.9-1.0,49,0.9010204081632652,1.0
