modelo,tramo,n,confianza_media,acierto
jev,0.00-0.50,18,0.23944444444444443,0.3333333333333333
jev,0.50-0.60,8,0.5387500000000001,0.75
jev,0.60-0.70,7,0.6542857142857142,0.7142857142857143
jev,0.70-0.80,4,0.7525,0.75
jev,0.80-0.90,11,0.8518181818181817,0.7272727272727273
jev,0.90-0.95,15,0.9213333333333333,0.8
jev,0.95-1.00,37,0.9851351351351352,0.7567567567567568
haiku,0.00-0.50,0,,
haiku,0.50-0.60,0,,
haiku,0.60-0.70,0,,
haiku,0.70-0.80,1,0.75,1.0
haiku,0.80-0.90,7,0.85,0.42857142857142855
haiku,0.90-0.95,34,0.92,0.6176470588235294
haiku,0.95-1.00,58,0.951551724137931,0.7241379310344828
sonnet,0.00-0.50,0,,
sonnet,0.50-0.60,0,,
sonnet,0.60-0.70,1,0.65,1.0
sonnet,0.70-0.80,10,0.742,0.8
sonnet,0.80-0.90,40,0.8535,0.75
sonnet,0.90-0.95,33,0.9066666666666667,0.7272727272727273
sonnet,0.95-1.00,16,0.96375,0.9375
