modelo,umbral,cubiertas,cobertura,acierto,falsos_negativos
jev,0.5,82,0.82,0.7560975609756098,15
jev,0.6,74,0.74,0.7567567567567568,13
jev,0.7,67,0.67,0.7611940298507462,12
jev,0.8,63,0.63,0.7619047619047619,12
jev,0.85,58,0.58,0.7758620689655172,11
jev,0.9,52,0.52,0.7692307692307693,11
jev,0.95,37,0.37,0.7567567567567568,9
jev,0.99,24,0.24,0.7916666666666666,5
haiku,0.5,100,1.0,0.67,23
haiku,0.6,100,1.0,0.67,23
haiku,0.7,100,1.0,0.67,23
haiku,0.8,99,0.99,0.6666666666666666,23
haiku,0.85,99,0.99,0.6666666666666666,23
haiku,0.9,92,0.92,0.6847826086956522,22
haiku,0.95,58,0.58,0.7241379310344828,12
haiku,0.99,0,0.0,,0
sonnet,0.5,100,1.0,0.78,13
sonnet,0.6,100,1.0,0.78,13
sonnet,0.7,99,0.99,0.7777777777777778,13
sonnet,0.8,89,0.89,0.7752808988764045,13
sonnet,0.85,89,0.89,0.7752808988764045,13
sonnet,0.9,49,0.49,0.7959183673469388,6
sonnet,0.95,16,0.16,0.9375,1
sonnet,0.99,0,0.0,,0
